,precision,recall,f1-score,support
0,0.0,0.0,0.0,3.0
1,0.0,0.0,0.0,14.0
2,0.5730337078651685,0.7727272727272727,0.6580645161290323,66.0
3,0.4864864864864865,0.47368421052631576,0.48,38.0
4,0.0,0.0,0.0,9.0
accuracy,0.5307692307692308,0.5307692307692308,0.5307692307692308,0.5307692307692308
macro avg,0.211904038870331,0.2492822966507177,0.22761290322580646,130.0
weighted avg,0.43312854773528925,0.5307692307692308,0.47440198511166254,130.0
