,precision,recall,f1-score,support
0,0.5,0.25,0.3333333333333333,4.0
1,0.0,0.0,0.0,11.0
2,0.582089552238806,0.6290322580645161,0.6046511627906976,62.0
3,0.4666666666666667,0.6666666666666666,0.5490196078431373,42.0
4,0.0,0.0,0.0,11.0
accuracy,0.5230769230769231,0.5230769230769231,0.5230769230769231,0.5230769230769231
macro avg,0.3097512437810946,0.30913978494623656,0.29740082079343366,130.0
weighted avg,0.44376578645235365,0.5230769230769231,0.4760040688905258,130.0
