,precision,recall,f1-score,support
0,0.5,0.25,0.3333333333333333,4.0
1,0.25,0.18181818181818182,0.21052631578947367,11.0
2,0.515625,0.532258064516129,0.5238095238095238,62.0
3,0.5,0.5,0.5,42.0
4,0.07142857142857142,0.09090909090909091,0.08,11.0
accuracy,0.4461538461538462,0.4461538461538462,0.4461538461538462,0.4461538461538462
macro avg,0.36741071428571426,0.31099706744868033,0.3295338345864661,130.0
weighted avg,0.45003434065934067,0.4461538461538462,0.4461947175631386,130.0
