,precision,recall,f1-score,support
0,0.0,0.0,0.0,1.0
1,0.3684210526315789,0.3684210526315789,0.3684210526315789,19.0
2,0.5161290322580645,0.49230769230769234,0.5039370078740157,65.0
3,0.45,0.45,0.45,40.0
4,0.0,0.0,0.0,5.0
accuracy,0.43846153846153846,0.43846153846153846,0.43846153846153846,0.43846153846153846
macro avg,0.2669100169779287,0.26214574898785425,0.2644716121011189,130.0
weighted avg,0.45037220843672454,0.43846153846153846,0.44427619624470016,130.0
