,precision,recall,f1-score,support
0,0.0,0.0,0.0,3.0
1,0.11764705882352941,0.14285714285714285,0.12903225806451613,14.0
2,0.5970149253731343,0.6060606060606061,0.6015037593984962,66.0
3,0.48717948717948717,0.5,0.4935064935064935,38.0
4,0.0,0.0,0.0,9.0
accuracy,0.46923076923076923,0.46923076923076923,0.46923076923076923,0.46923076923076923
macro avg,0.24036829427523018,0.2497835497835498,0.24480850219390118,130.0
weighted avg,0.4581758800844368,0.46923076923076923,0.4635303575880825,130.0
