,precision,recall,f1-score,support
0,0.3333333333333333,0.5,0.4,4.0
1,0.6363636363636364,0.6363636363636364,0.6363636363636364,11.0
2,0.8181818181818182,0.7258064516129032,0.7692307692307693,62.0
3,0.6595744680851063,0.7380952380952381,0.6966292134831461,42.0
4,0.45454545454545453,0.45454545454545453,0.45454545454545453,11.0
accuracy,0.6923076923076923,0.6923076923076923,0.6923076923076923,0.6923076923076923
macro avg,0.5803997421018698,0.6109621561234465,0.5913538147246012,130.0
weighted avg,0.7058671824629272,0.6923076923076923,0.6965441127584603,130.0
