,precision,recall,f1-score,support
0,1.0,0.3333333333333333,0.5,3.0
1,0.26666666666666666,0.2857142857142857,0.27586206896551724,14.0
2,0.6956521739130435,0.7272727272727273,0.7111111111111111,66.0
3,0.675,0.7105263157894737,0.6923076923076923,38.0
4,0.8,0.4444444444444444,0.5714285714285714,9.0
accuracy,0.6461538461538462,0.6461538461538462,0.6461538461538462,0.6461538461538462
macro avg,0.687463768115942,0.5002582213108528,0.5501418887625784,130.0
weighted avg,0.6576644370122631,0.6461538461538462,0.6441996288415386,130.0
