,precision,recall,f1-score,support
0,0.0,0.0,0.0,3.0
1,0.3076923076923077,0.2857142857142857,0.2962962962962963,14.0
2,0.7605633802816901,0.8181818181818182,0.7883211678832117,66.0
3,0.7142857142857143,0.7894736842105263,0.75,38.0
4,0.5,0.2222222222222222,0.3076923076923077,9.0
accuracy,0.6923076923076923,0.6923076923076923,0.6923076923076923,0.6923076923076923
macro avg,0.45650828045194247,0.42311840206577045,0.4284619543743631,130.0
weighted avg,0.662674865762623,0.6923076923076923,0.672665969212853,130.0
