,precision,recall,f1-score,support
0,0.0,0.0,0.0,4.0
1,0.5,0.45454545454545453,0.47619047619047616,11.0
2,0.7903225806451613,0.7903225806451613,0.7903225806451613,62.0
3,0.68,0.8095238095238095,0.7391304347826086,42.0
4,0.5714285714285714,0.36363636363636365,0.4444444444444444,11.0
accuracy,0.7076923076923077,0.7076923076923077,0.7076923076923077,0.7076923076923077
macro avg,0.5083502304147466,0.48360564167015785,0.4900175872125381,130.0
weighted avg,0.6872747252747253,0.7076923076923077,0.6936189414450283,130.0
