,precision,recall,f1-score,support
0,0.5,0.25,0.3333333333333333,4.0
1,0.0,0.0,0.0,11.0
2,0.5882352941176471,0.6451612903225806,0.6153846153846154,62.0
3,0.46551724137931033,0.6428571428571429,0.54,42.0
4,0.0,0.0,0.0,11.0
accuracy,0.5230769230769231,0.5230769230769231,0.5230769230769231,0.5230769230769231
macro avg,0.3107505070993915,0.30760368663594473,0.2977435897435897,130.0
weighted avg,0.4463254797940396,0.5230769230769231,0.4782090729783038,130.0
