,precision,recall,f1-score,support
0,0.0,0.0,0.0,1.0
1,0.46153846153846156,0.3157894736842105,0.375,19.0
2,0.524390243902439,0.6615384615384615,0.5850340136054422,65.0
3,0.42857142857142855,0.375,0.4,40.0
4,0.0,0.0,0.0,5.0
accuracy,0.49230769230769234,0.49230769230769234,0.49230769230769234,0.49230769230769234
macro avg,0.28290002680246584,0.2704655870445344,0.27200680272108846,130.0
weighted avg,0.4615188751211265,0.49230769230769234,0.4704016221873365,130.0
