,precision,recall,f1-score,support
0,0.0,0.0,0.0,3.0
1,0.0,0.0,0.0,14.0
2,0.5568181818181818,0.7424242424242424,0.6363636363636364,66.0
3,0.45714285714285713,0.42105263157894735,0.4383561643835616,38.0
4,0.0,0.0,0.0,9.0
accuracy,0.5,0.5,0.5,0.5
macro avg,0.2027922077922078,0.23269537480063796,0.21494396014943956,130.0
weighted avg,0.41631868131868127,0.5,0.4512118018967334,130.0
