,precision,recall,f1-score,support
0,0.0,0.0,0.0,3.0
1,0.0,0.0,0.0,14.0
2,0.573170731707317,0.7121212121212122,0.6351351351351351,66.0
3,0.47368421052631576,0.47368421052631576,0.47368421052631576,38.0
4,0.0,0.0,0.0,9.0
accuracy,0.5,0.5,0.5,0.5
macro avg,0.20937098844672658,0.23716108452950557,0.22176386913229015,130.0
weighted avg,0.4294559099437148,0.5,0.4609147609147609,130.0
