,precision,recall,f1-score,support
0,0.0,0.0,0.0,1.0
1,0.4,0.3157894736842105,0.35294117647058826,19.0
2,0.5,0.6,0.5454545454545454,65.0
3,0.3783783783783784,0.35,0.36363636363636365,40.0
4,0.0,0.0,0.0,5.0
accuracy,0.45384615384615384,0.45384615384615384,0.45384615384615384,0.45384615384615384
macro avg,0.2556756756756757,0.2531578947368421,0.2524064171122995,130.0
weighted avg,0.4248856548856549,0.45384615384615384,0.43619909502262444,130.0
