,precision,recall,f1-score,support
0,0.0,0.0,0.0,4.0
1,0.16666666666666666,0.09090909090909091,0.11764705882352941,11.0
2,0.5967741935483871,0.5967741935483871,0.5967741935483871,62.0
3,0.509090909090909,0.6666666666666666,0.5773195876288659,42.0
4,0.3333333333333333,0.18181818181818182,0.23529411764705882,11.0
accuracy,0.5230769230769231,0.5230769230769231,0.5230769230769231,0.5230769230769231
macro avg,0.32117302052785923,0.3072336265884653,0.3054069915295683,130.0
weighted avg,0.4913986013986014,0.5230769230769231,0.5009982740122219,130.0
