,precision,recall,f1-score,support
0,0.42857142857142855,0.75,0.5454545454545454,4.0
1,0.6363636363636364,0.6363636363636364,0.6363636363636364,11.0
2,0.8392857142857143,0.7580645161290323,0.7966101694915254,62.0
3,0.7555555555555555,0.8095238095238095,0.7816091954022989,42.0
4,0.8181818181818182,0.8181818181818182,0.8181818181818182,11.0
accuracy,0.7692307692307693,0.7692307692307693,0.7692307692307693,0.7692307692307693
macro avg,0.6955916305916305,0.7544267560396593,0.7156438729787649,130.0
weighted avg,0.7806410256410257,0.7692307692307693,0.7723018069014562,130.0
