,precision,recall,f1-score,support
0,0.0,0.0,0.0,4.0
1,0.5,0.6363636363636364,0.56,11.0
2,0.8412698412698413,0.8548387096774194,0.848,62.0
3,0.7608695652173914,0.8333333333333334,0.7954545454545454,42.0
4,0.7142857142857143,0.45454545454545453,0.5555555555555556,11.0
accuracy,0.7692307692307693,0.7692307692307693,0.7692307692307693,0.7692307692307693
macro avg,0.5632850241545894,0.5558162267839688,0.5518020202020202,130.0
weighted avg,0.749787651961565,0.7692307692307693,0.7558169386169387,130.0
